v1,v2,fitness,p1
1.5,1.6,695.3343736288406,695.3343736288406
2.2,1.9,1561.4872069842452,1561.4872069842452
1.0,4.1,206.29178075911895,206.29178075911895
2.0,1.8,1280.8114054231364,1280.8114054231364
1.5,1.2,652.3861261084838,652.3861261084838
0.8,4.1,213.0765245059885,213.0765245059885
1.5,0.7,618.1299384506558,618.1299384506558
0.7,3.5,93.69515678567673,93.69515678567673
1.6,4.4,499.97205748912603,499.97205748912603
2.2,4.0,1099.8001906720726,1099.8001906720726
1.1,4.7,359.1739158150918,359.1739158150918
1.2,2.7,487.3270062218303,487.3270062218303
1.0,1.3,267.87769172249773,267.87769172249773
0.8,3.1,158.8738496964218,158.8738496964218
0.5,1.4,60.57784755710497,60.57784755710497
0.9,2.8,233.62098677141768,233.62098677141768
2.0,2.2,1352.3406072758607,1352.3406072758607
1.0,1.2,258.4526017965533,258.4526017965533
1.1,1.5,344.932377775648,344.932377775648
1.9,3.7,896.8331028680477,896.8331028680477
1.3,5.0,520.3532871858116,520.3532871858116
1.1,1.4,340.94694052945573,340.94694052945573
1.9,2.4,1222.1519368453216,1222.1519368453216
1.0,2.9,311.1747812853995,311.1747812853995
1.1,2.4,429.5716806100501,429.5716806100501
2.4,5.0,764.6591614693707,764.6591614693707
1.8,0.9,940.6824769089199,940.6824769089199
2.1,4.4,670.905526542213,670.905526542213
1.3,1.7,509.5606182320724,509.5606182320724
1.7,4.0,717.7299625879665,717.7299625879665
0.5,3.9,43.3641694818596,43.3641694818596
2.5,4.4,751.827785170058,751.827785170058
1.4,5.0,295.73314904911865,295.73314904911865
2.0,0.7,1161.761594973498,1161.761594973498
1.8,4.9,506.87673922869374,506.87673922869374
0.7,0.9,99.58367705247998,99.58367705247998
2.3,0.5,1521.0159356891577,1521.0159356891577
0.7,1.7,125.34458223736245,125.34458223736245
1.2,0.5,357.9756836196275,357.9756836196275
2.5,1.7,1905.545968434576,1905.545968434576
2.4,1.0,1695.7947945310575,1695.7947945310575
0.7,1.8,138.05912179294225,138.05912179294225
1.7,3.6,1115.942633609337,1115.942633609337
1.6,2.1,852.0554949422374,852.0554949422374
1.2,2.0,470.1535704266213,470.1535704266213
0.7,3.0,107.78554228554047,107.78554228554047
1.1,2.3,377.89411054991115,377.89411054991115
0.6,3.2,204.04049748960153,204.04049748960153
1.1,3.9,457.2777928343029,457.2777928343029
1.6,4.2,607.0818350646558,607.0818350646558
1.4,3.4,643.9987902478167,643.9987902478167
1.1,3.7,336.06938707494714,336.06938707494714
1.9,3.1,1132.0503099630243,1132.0503099630243
2.4,3.2,1412.235746827238,1412.235746827238
2.3,2.9,1571.4036213539569,1571.4036213539569
1.3,0.8,446.7367107756326,446.7367107756326
2.1,2.3,1455.0540870638088,1455.0540870638088
2.5,5.0,681.8763151070445,681.8763151070445
0.7,4.1,73.90739394353518,73.90739394353518
0.6,4.1,153.47104686237816,153.47104686237816
0.6,2.6,173.53333100746903,173.53333100746903
1.8,1.2,966.9259654991896,966.9259654991896
1.8,1.4,986.9330906883152,986.9330906883152
0.6,4.9,32.68053844564565,32.68053844564565
1.9,4.6,520.0551850215764,520.0551850215764
1.0,2.1,321.3872234402007,321.3872234402007
1.8,4.7,448.98176043310946,448.98176043310946
1.0,1.1,253.41181536233043,253.41181536233043
2.4,2.8,1674.1925308508833,1674.1925308508833
2.3,1.0,1550.2204775900873,1550.2204775900873
1.0,3.7,444.8309537962565,444.8309537962565
2.0,1.2,1200.9959525783618,1200.9959525783618
0.8,2.5,180.74131771065146,180.74131771065146
2.0,3.8,901.4994461694229,901.4994461694229
2.1,2.4,1498.3690436450688,1498.3690436450688
1.9,4.5,627.2756578010526,627.2756578010526
1.2,0.6,357.84539087004646,357.84539087004646
1.1,2.5,459.771777091208,459.771777091208
0.6,3.8,79.27544782405081,79.27544782405081
2.2,4.7,571.0071706840582,571.0071706840582
0.8,3.4,148.6384879025721,148.6384879025721
1.9,3.0,1164.0058343415824,1164.0058343415824
0.8,3.9,261.8955640312785,261.8955640312785
0.9,3.8,350.0488690873338,350.0488690873338
1.7,3.1,992.5164782573901,992.5164782573901
1.9,1.2,1072.0834430063678,1072.0834430063678
1.2,4.7,214.912648463746,214.912648463746
0.6,2.5,91.08089421519166,91.08089421519166
0.8,2.4,244.34492260335347,244.34492260335347
1.7,2.8,1076.948876899343,1076.948876899343
2.4,3.6,1190.6098279825694,1190.6098279825694
1.0,2.2,346.7989356461168,346.7989356461168
1.6,2.9,967.9937040701574,967.9937040701574
0.6,0.6,57.35390250448242,57.35390250448242
1.7,4.4,732.3416329098167,732.3416329098167
1.4,3.0,682.5991778629462,682.5991778629462
2.0,2.3,1338.3274384151453,1338.3274384151453
2.3,3.4,1222.2124182844982,1222.2124182844982
0.9,1.6,228.4531654900704,228.4531654900704
2.2,5.0,647.720712840774,647.720712840774
2.4,3.1,1502.003984365695,1502.003984365695
1.2,2.8,622.3827767020946,622.3827767020946
2.5,2.0,1949.1433741755322,1949.1433741755322
2.0,3.4,1255.4541712679536,1255.4541712679536
1.8,5.0,466.3526619122071,466.3526619122071
0.5,2.8,42.14412545505402,42.14412545505402
1.6,5.0,339.7977125540338,339.7977125540338
1.9,3.6,997.4989968832042,997.4989968832042
2.5,4.7,775.4238288639484,775.4238288639484
1.4,1.3,567.7080131016507,567.7080131016507
2.4,3.8,1209.2976076934435,1209.2976076934435
0.8,2.6,191.73777776215286,191.73777776215286
0.5,4.6,17.898724538639485,17.898724538639485
2.4,1.6,1786.6649855673904,1786.6649855673904
1.7,2.2,969.8165205421537,969.8165205421537
2.5,1.5,1906.1634395192118,1906.1634395192118
0.5,1.6,74.98723414785466,74.98723414785466
2.4,3.4,1250.9231832188898,1250.9231832188898
0.8,2.9,165.1518133550428,165.1518133550428
1.3,2.4,563.9888984251536,563.9888984251536
0.8,3.2,349.79400275303095,349.79400275303095
2.5,3.9,1076.7975827410569,1076.7975827410569
1.0,4.4,489.9579246418865,489.9579246418865
0.5,4.4,33.04048322329557,33.04048322329557
1.3,4.0,919.9113368051237,919.9113368051237
2.2,2.2,1570.566509422448,1570.566509422448
2.5,0.8,1800.3875836916493,1800.3875836916493
1.7,4.5,892.0098409308914,892.0098409308914
1.8,2.2,1123.43440086251,1123.43440086251
1.2,0.8,369.28574985613204,369.28574985613204
1.2,4.4,273.0387459162415,273.0387459162415
2.0,3.0,1240.6361830299409,1240.6361830299409
2.5,3.5,1278.4395739193055,1278.4395739193055
2.5,3.2,1422.9159708356517,1422.9159708356517
1.8,2.5,1108.6103823060553,1108.6103823060553
0.5,4.0,27.046519952044974,27.046519952044974
2.3,3.8,1133.1460369694314,1133.1460369694314
2.2,4.4,694.027397579754,694.027397579754
0.6,1.2,76.53813366537597,76.53813366537597
1.6,2.2,848.2830269508964,848.2830269508964
1.2,3.4,825.1618478883905,825.1618478883905
1.9,4.4,844.9295430205499,844.9295430205499
2.4,1.8,1787.960767188628,1787.960767188628
2.3,1.8,1675.363238717195,1675.363238717195
0.7,4.6,293.910125401846,293.910125401846
0.5,2.6,49.627382698771555,49.627382698771555
0.8,1.3,160.64971650357612,160.64971650357612
2.3,2.8,1549.4417241349386,1549.4417241349386
2.0,0.5,1147.5106770697907,1147.5106770697907
1.0,5.0,107.27965938815728,107.27965938815728
2.2,1.2,1452.6629342051947,1452.6629342051947
0.5,0.5,25.433669250958403,25.433669250958403
1.3,3.2,665.5017925836739,665.5017925836739
0.9,2.3,293.08058423180927,293.08058423180927
0.7,3.8,106.94385395441057,106.94385395441057
2.1,4.7,597.6648467229262,597.6648467229262
0.5,3.0,46.00226775384772,46.00226775384772
1.6,4.3,483.0588212662461,483.0588212662461
1.6,2.0,848.74482993704,848.74482993704
2.4,4.4,754.3336258054288,754.3336258054288
2.0,4.2,1004.1827232054927,1004.1827232054927
2.5,3.6,1276.4299371559537,1276.4299371559537
1.9,3.8,866.9248295335165,866.9248295335165
2.5,4.0,977.9289145079802,977.9289145079802
1.3,3.4,702.2469578066182,702.2469578066182
1.0,3.1,426.53399012578853,426.53399012578853
0.8,4.0,116.02462866080437,116.02462866080437
0.8,0.5,124.43831103477899,124.43831103477899
1.4,3.8,690.429267100112,690.429267100112
1.6,3.1,999.9656255220027,999.9656255220027
2.5,4.2,853.7921948290353,853.7921948290353
1.5,2.8,789.937626443685,789.937626443685
2.0,2.6,1419.257159585441,1419.257159585441
1.6,4.1,652.8591547415367,652.8591547415367
1.8,3.0,1103.1847364419557,1103.1847364419557
1.8,2.4,1124.820261316028,1124.820261316028
2.5,2.8,1755.0770029735202,1755.0770029735202
1.1,4.2,797.0811964410932,797.0811964410932
2.0,0.9,1168.6072332748777,1168.6072332748777
2.3,3.5,1157.280878436559,1157.280878436559
1.6,3.0,1068.801920549501,1068.801920549501
1.4,1.4,581.2507124622086,581.2507124622086
2.0,5.0,407.03788846458616,407.03788846458616
2.1,4.1,1049.852400922751,1049.852400922751
1.6,3.4,832.2490907064717,832.2490907064717
1.1,3.2,467.8796003210869,467.8796003210869
2.4,4.8,732.0560613218938,732.0560613218938
0.8,1.0,141.7886688209998,141.7886688209998
2.2,0.5,1404.9638359528328,1404.9638359528328
1.3,1.6,505.3824989522072,505.3824989522072
1.1,2.1,405.96190455969935,405.96190455969935
1.8,0.5,911.8328872679378,911.8328872679378
2.1,2.7,1454.6451578529498,1454.6451578529498
2.3,1.3,1599.5188948430418,1599.5188948430418
1.6,0.8,712.4571694787907,712.4571694787907
2.5,2.9,1703.1007802367205,1703.1007802367205
1.3,3.1,579.5285246807767,579.5285246807767
1.4,1.0,546.9400252976804,546.9400252976804
2.2,0.8,1418.966351234778,1418.966351234778
2.1,5.0,505.1413517268186,505.1413517268186
1.2,1.5,415.1927001950456,415.1927001950456
1.9,0.9,1043.7029898771011,1043.7029898771011
1.0,2.6,398.02254823200485,398.02254823200485
1.8,1.5,1004.8133467782179,1004.8133467782179
2.2,2.9,1438.5511344940762,1438.5511344940762
2.2,2.5,1603.2050575660144,1603.2050575660144
1.4,2.0,620.3426457338968,620.3426457338968
2.5,1.4,1873.5155961500352,1873.5155961500352
1.7,1.0,838.6419895886698,838.6419895886698
2.4,2.1,1834.3741989054854,1834.3741989054854
2.4,4.2,832.8868760873154,832.8868760873154
1.9,0.7,1038.4947388414498,1038.4947388414498
1.0,2.3,304.68467579714394,304.68467579714394
1.9,3.9,821.541125301146,821.541125301146
1.4,0.5,515.1265663041181,515.1265663041181
1.9,5.0,403.1753006019426,403.1753006019426
2.5,1.8,1929.7829065529836,1929.7829065529836
2.1,0.8,1284.4961227884094,1284.4961227884094
2.5,2.7,1777.968021922677,1777.968021922677
2.0,1.6,1254.7106116100758,1254.7106116100758
1.8,3.8,796.7653798653772,796.7653798653772
2.5,0.5,1779.554093313269,1779.554093313269
0.6,2.1,103.410718066978,103.410718066978
2.3,2.2,1720.5930712517818,1720.5930712517818
2.5,3.1,1519.0397523022164,1519.0397523022164
1.0,3.0,503.379099091437,503.379099091437
2.2,3.0,1470.9519794063206,1470.9519794063206
0.6,1.8,89.32636289717009,89.32636289717009
2.3,4.0,1087.8395137950283,1087.8395137950283
0.8,3.8,612.0024413397838,612.0024413397838
2.5,1.2,1843.3135269488926,1843.3135269488926
1.8,1.7,1032.207195173287,1032.207195173287
2.5,3.7,1270.2946678278702,1270.2946678278702
1.5,3.4,758.7560329845302,758.7560329845302
2.4,4.0,999.4407169821404,999.4407169821404
2.3,1.2,1572.1006677757075,1572.1006677757075
2.0,4.5,594.3819947578075,594.3819947578075
1.7,1.7,903.3921652097397,903.3921652097397
2.3,4.8,616.3920744973784,616.3920744973784
2.3,4.5,699.2977381031891,699.2977381031891
2.2,2.7,1509.0498332846716,1509.0498332846716
2.0,2.0,1331.4241999337046,1331.4241999337046
1.8,0.6,914.9806386264141,914.9806386264141
2.5,3.4,1284.8359195059836,1284.8359195059836
1.8,3.4,1075.4444431509444,1075.4444431509444
2.3,4.7,583.4960205183309,583.4960205183309
1.8,2.0,1059.03529590039,1059.03529590039
1.7,1.9,943.4824607193774,943.4824607193774
2.5,3.8,1203.3004176499167,1203.3004176499167
2.2,3.5,1126.4111726029712,1126.4111726029712
2.5,3.0,1604.1628756999744,1604.1628756999744
2.5,0.6,1791.827212725802,1791.827212725802
2.3,5.0,765.7423187173677,765.7423187173677
2.0,2.1,1341.5400575050696,1341.5400575050696
1.6,3.6,884.6838485567326,884.6838485567326
2.2,1.4,1481.5044758876577,1481.5044758876577
1.4,4.4,508.65634342076845,508.65634342076845
1.6,4.6,862.7931065513524,862.7931065513524
2.4,1.4,1750.5637758939558,1750.5637758939558
2.2,1.6,1511.8575164787892,1511.8575164787892
2.2,3.4,1199.9866176470869,1199.9866176470869
2.3,0.8,1536.1563975680626,1536.1563975680626
1.6,2.4,934.7136022924221,934.7136022924221
1.4,3.7,560.253818224166,560.253818224166
2.5,4.6,728.9793063510463,728.9793063510463
2.4,0.5,1660.1015261684568,1660.1015261684568
2.0,0.8,1155.1880103843787,1155.1880103843787
1.6,1.1,742.522598163798,742.522598163798
2.5,2.2,1927.616016206528,1927.616016206528
2.2,1.8,1554.393353917585,1554.393353917585
2.5,1.0,1817.6934639395713,1817.6934639395713
2.4,3.5,1190.9740982718617,1190.9740982718617
2.2,3.8,1014.5541891157887,1014.5541891157887
2.1,0.5,1273.7872047335306,1273.7872047335306
2.2,1.0,1432.5534167487788,1432.5534167487788
1.9,3.3,1171.8849105875486,1171.8849105875486
1.9,0.5,1026.6228879430496,1026.6228879430496
1.6,2.6,902.2927362021672,902.2927362021672
1.7,0.5,802.8097179115393,802.8097179115393
2.1,2.2,1455.3865188458064,1455.3865188458064
1.7,3.2,951.2133294255784,951.2133294255784
2.4,2.2,1834.803264652033,1834.803264652033
2.5,0.9,1821.4843073010295,1821.4843073010295
2.4,0.7,1662.3999476541583,1662.3999476541583
2.3,2.0,1692.0542495079953,1692.0542495079953
2.1,0.9,1299.183621667957,1299.183621667957
2.0,3.6,999.4353163065108,999.4353163065108
2.1,1.0,1295.6060990745273,1295.6060990745273
2.0,4.1,924.9057694004398,924.9057694004398
2.3,2.7,1579.9801969771265,1579.9801969771265
2.2,1.7,1517.3774801919062,1517.3774801919062
1.6,3.2,874.9327810134588,874.9327810134588
2.4,1.5,1753.1173266814512,1753.1173266814512
2.2,2.4,1621.2039125870278,1621.2039125870278
2.5,1.6,1908.8385071932992,1908.8385071932992
2.4,0.8,1679.1454548731756,1679.1454548731756
1.5,2.6,848.2039886001768,848.2039886001768
2.0,1.7,1256.5892477404075,1256.5892477404075
2.4,2.4,1771.955624867832,1771.955624867832
1.8,3.2,1029.7702317614626,1029.7702317614626
2.4,3.0,1609.659134991754,1609.659134991754
2.5,2.4,1863.3753404383938,1863.3753404383938
2.3,2.4,1709.9000825980293,1709.9000825980293
1.6,1.3,756.8434615559531,756.8434615559531
2.2,0.6,1394.2931426583293,1394.2931426583293
2.2,3.3,1296.2864427867921,1296.2864427867921
2.5,1.3,1872.7592400902968,1872.7592400902968
2.2,3.9,1058.4389787212153,1058.4389787212153
2.0,2.4,1340.71966294136,1340.71966294136
1.8,3.3,997.3747217262128,997.3747217262128
2.4,2.0,1804.4932480166476,1804.4932480166476
2.4,1.7,1791.0302299199504,1791.0302299199504
2.0,3.1,1218.4615734351337,1218.4615734351337
1.8,1.1,951.9820676234018,951.9820676234018
1.8,4.2,667.2660829493509,667.2660829493509
2.5,2.6,1771.8390708374516,1771.8390708374516
2.3,1.4,1601.2919683652376,1601.2919683652376
2.1,1.2,1313.3605676772988,1313.3605676772988
2.1,0.7,1272.10497904021,1272.10497904021
2.2,1.3,1453.2790267717435,1453.2790267717435
2.4,3.9,1137.892563628092,1137.892563628092
2.3,1.5,1630.1365795011404,1630.1365795011404
1.9,2.6,1283.3032501459736,1283.3032501459736
2.5,1.1,1843.9947697943162,1843.9947697943162
2.2,3.1,1483.4198061927696,1483.4198061927696
2.1,1.1,1314.5617126610257,1314.5617126610257
1.8,3.7,890.9723644991695,890.9723644991695
2.5,1.9,1922.1747126800872,1922.1747126800872
2.3,2.1,1687.0828094880312,1687.0828094880312
2.0,1.1,1181.4261730458002,1181.4261730458002
2.0,2.7,1393.666268884112,1393.666268884112
2.4,1.1,1693.5431370521246,1693.5431370521246
2.2,2.0,1556.1885333562918,1556.1885333562918
2.2,0.9,1413.8163418076224,1413.8163418076224
2.4,1.2,1720.6946923613389,1720.6946923613389
2.4,2.6,1695.5999661641972,1695.5999661641972
2.5,3.3,1347.0452987000829,1347.0452987000829
2.2,3.2,1429.1367383036531,1429.1367383036531
2.2,1.5,1483.6368636435102,1483.6368636435102
2.5,2.3,1885.8803185599968,1885.8803185599968
2.3,1.6,1634.0755300767887,1634.0755300767887
2.5,2.1,1945.1749573569257,1945.1749573569257
2.5,0.7,1807.5454341027983,1807.5454341027983
2.1,2.5,1518.7313356097084,1518.7313356097084
2.4,2.9,1661.1484904973731,1661.1484904973731
2.4,0.6,1670.8341543272466,1670.8341543272466
2.2,2.3,1608.5869550059103,1608.5869550059103
2.3,3.6,1097.9809854682198,1097.9809854682198
2.3,0.9,1554.0644885280203,1554.0644885280203
2.3,2.6,1627.3734195340041,1627.3734195340041
2.4,1.3,1720.9898932237277,1720.9898932237277
2.5,2.5,1811.7994800976528,1811.7994800976528
